Date;Text;Ticker
2022-03-21-16:49:15;b'\xf0\x9f\x8e\x81NFT + SOL GIVEAWAY\xf0\x9f\x8e\x81Prizes\xf0\x9f\x8f\x860.3 $SOL\xf0\x9f\x8f\x861 NFT \xf0\x9f\x8f\x865 Whitelist spots Rules1\xef\xb8\x8f\xe2\x83\xa3Follow ME and @Degensolnft1 2\xef\xb8\x8f\xe2\x83\xa3RT &amp \xe2\x9d\xa4\xef\xb8\x8f3\xef\xb8\x8f\xe2\x83\xa3Tag 2 Friends \xe2\x8f\xb37 winners in 48 Hours! #NFTGiveaway #NFTCommunity #NFT ';Solana
2022-03-21-16:49:15;b'\xf0\x9f\x8e\x81GIVEAWAY\xf0\x9f\x8e\x81Prizes:\xf0\x9f\x8f\x861x $SOL NFT 100$To Enter:1\xe2\x83\xa3 Follow @SolMonke &amp @SolChiefNFT 2\xef\xb8\x8f\xe2\x83\xa3 RT + TAG 324H #NFTCommunity #Solana ';Solana
2022-03-21-16:49:15;b'\xf0\x9f\x8e\x81 GIVEAWAY \xf0\x9f\x8e\x81 \xf0\x9f\x91\x89Project - @HorzeesPrizes: \xf0\x9f\x8f\x860.25 $SOLTo Enter: 1\xe2\x83\xa3Follow @Horzees &amp @sollgiveaways2\xe2\x83\xa3RT + \xe2\x9d\xa4\xef\xb8\x8f3\xef\xb8\x8f\xe2\x83\xa3Tag 3 friends\xf0\x9f\x94\x94Winner announced in 24 hours\xf0\x9f\x94\x94#Solana #SolanaNFTs #NFTGiveaway #NFTs ';Solana
2022-03-21-16:49:16;b'Flash #Giveaway \xe2\x9a\xa1\xef\xb8\x8fPrize : 2 SOL + 5 WLTo enter 1. Like, retweet, tag your friends \xe2\xac\x87\xef\xb8\x8f(Pinned)2. Turn on .. \xf0\x9f\x94\x94 3. Join our discord:     #SolanaNFT #SolNFT  #nftcollector #WLGiveaways';Solana
2022-03-21-16:49:16;b'Were doing a #Giveaway \xf0\x9f\x8e\x89\xf0\x9f\x8e\x815 x Putin #NFTs    (5 SOL= $450)\xe2\x9c\x85Follow @PutinFT \xe2\x9c\x85Like/RT\xe2\x9c\x85Tag 3 friends Ends: 48 hours \xf0\x9f\xa5\xb3#Solana #SolanaNFT #SolanaGiveaways #NFTGiveaways #NFTairdrop #NFTdrop #NFT #SOL #SolanaNFTs #solseaNFT #solairdrop #solanaairdrop #SolanaGiveaway ';Solana
2022-03-21-16:49:16;b'\xf0\x9f\x8e\x89GIVEAWAY!\xf0\x9f\x8e\x89Here #Solana  \xf0\x9f\x8e\x89Giveaway \xf0\x9f\x8e\x891x Winner \xf0\x9f\x8f\x86Prizes:\xf0\x9f\x8f\x86 1 $SOL - $100 Random winnerMust:\xf0\x9f\xa4\x9d\xf0\x9f\x94\xb9Join Pin Tweet ( Like + RT + Tag)\xf0\x9f\x94\xb9Follow @IDOBIGWINNR \xf0\x9f\x94\xb9RT + LIKE\xf0\x9f\x94\xb9Tag 3 friends  24 HR \xe2\x8f\xb0 end Time #Solana #SolanaNFTs #Giveaway ';Solana
2022-03-21-16:49:17;b'\xf0\x9f\x8f\x86 #NFTGiveaway \xf0\x9f\x8f\x86\xf0\x9f\xa5\x87 1x Glitch Ape #NFT\xf0\x9f\xa5\x88 0.1 $SOL \xf0\x9f\x92\xb8\xf0\x9f\x91\x87Rules:1\xef\xb8\x8f\xe2\x83\xa3 Follow @Chromo_promo + @ApeGlitch_ 2\xef\xb8\x8f\xe2\x83\xa3 RT &amp \xf0\x9f\xa4\x8d3\xef\xb8\x8f\xe2\x83\xa3 Tag Friends\xe2\x8f\xb0Winners in 48h\xe2\x9d\x95#NFTdrop #nftcollector #NFTartists #NFTartwork #NFTs #NFTCollection #NFTProject #nftart #Solana #eth #NFTCommmunity ';Solana
2022-03-21-16:49:17;b'RT @TikiTuka_: Rt &amp Like if you love Tiki Logo .1 $SOL';Solana
2022-03-21-16:49:17;b'Season 2 Sneek Peak! Supply: 1000 Utility: Season 2 will get 50% of our upcomming game income!- Avaible to mint only for FamilySOL token!- Where to get token?- In our staking pool!\xf0\x9f\x8f\x86 5 sol and 2x1 Season2 NFT\xf0\x9f\x8f\x861\xe2\x83\xa3 Follow @FamilySolNft2\xe2\x83\xa3 RT &amp Like 3\xe2\x83\xa3 Tag 3 friedns72H ';Solana
2022-03-21-16:49:17;b'This beauty is still waiting for one collector! \xf0\x9f\x91\x80Urban-Abstraction#5 on @exchgART\xe2\x97\x8e 1.5  $SOL 1/1\xf0\x9f\x94\x97 Link in the comments\xf0\x9f\x93\xb7LeicaDouble exposure photo made with the camera.#SolanaNFTs #exchangeart ';Solana
2022-03-21-16:49:17;b'\xf0\x9f\x8e\x81 GIVEAWAY \xf0\x9f\x8e\x81 \xf0\x9f\x91\x89Project - @GhostfaceNFTPrize: \xf0\x9f\x8f\x860.5 sol\xf0\x9f\x8f\x861x WL spots To Enter:1\xef\xb8\x8f\xe2\x83\xa3 Follow @GhostfaceNFT &amp @supersol__2\xef\xb8\x8f\xe2\x83\xa3 Like &amp RT 3\xef\xb8\x8f\xe2\x83\xa3 Tag 3 frens4\xef\xb8\x8f\xe2\x83\xa3 Join Discord -  in 24 hours \xf0\x9f\x94\x94#sol #solana #solananfts #nft #nfts #nftcommunity ';Solana
2022-03-21-16:49:17;b'0.1 $Sol / 60 Minutes (in $SOL)- \xf0\x9f\x94\x94- LIKE + RT-Enter my Pinned tweet\xe2\x9c\x94\xef\xb8\x8f Bonus Entries for every RT on active Giveaways.#NotiFam \xf0\x9f\xa4\x98\xf0\x9f\x8f\xbc #Solana \xf0\x9f\x9a\x80 #SolanaGiveaway #SolanaAirdrop';Solana
2022-03-21-16:49:17;b'\xf0\x9f\x8e\x81GIVEAWAY!\xf0\x9f\x8e\x81\xf0\x9f\x93\x8cProject - @metadopt Prizes:\xf0\x9f\x8f\x861 SOL ($92)\xf0\x9f\x8f\x861X NFT\xf0\x9f\x8f\x861X - Solhub Discord invsTo enter:1\xe2\x83\xa3Follow - @metadopt   / @koolk1234562\xe2\x83\xa3RT+LIKE3\xe2\x83\xa3Tag 3 frensBonus entry , Join -  Winners ! Ends in 24 hours\xe2\x8f\xb0#ad #Solana #SolanaGiveaway ';Solana
2022-03-21-16:49:18;b'\xe2\x9a\xa1\xef\xb8\x8f\xf0\x9f\x8e\x81 $SOL GIVEAWAY \xf0\x9f\x8e\x81\xe2\x9a\xa1\xef\xb8\x8f\xf0\x9f\x92\x8e 1x #Solana (worth +$95)1\xef\xb8\x8f\xe2\x83\xa3 Like and RT2\xef\xb8\x8f\xe2\x83\xa3 Follow @QuokkaZoneNFT and @MythicBeastClan 3\xef\xb8\x8f\xe2\x83\xa3 Tag 2 friends!\xe2\x8c\x9b\xef\xb8\x8f 24h#NFT #NFTGiveaway #NFTCommunity #NOTIGANG #SolanaGiveaways ';Solana
2022-03-21-16:49:18;b'In December, before the 0.2 bill mint from @OldMoneyNFT I was airdropped some 0.2s and mfer wouldnt you know it, they were beauties.Going by the FLOOR price (half of them are way above floor price) today they are worth roughly 8k ADA.Invest in teams with real vision and HODL';Cardano
2022-03-21-16:49:18;b'\xf0\x9f\x9a\xa8GIVEAWAY\xf0\x9f\x9a\xa8Prize:\xf0\x9f\x8f\x86$25 in $SOLTo enter:1\xe2\x83\xa3Follow @SolSammi &amp @voidedsol2\xe2\x83\xa3RT &amp Like3\xe2\x83\xa3Tag 3 Friends24H #NOTISQUAD #Solana #SolanaGiveaways';Solana
2022-03-21-16:49:18;b'\xf0\x9f\x8e\x81GIVEAWAY\xf0\x9f\x8e\x81Wager your Sock NFT against an opponents NFT. The winner takes the losers NFT.\xf0\x9f\x8f\x86Winnings:\xf0\x9f\x92\xb50.2 SOL 10x WL spots\xf0\x9f\x93\x9cRequirments:1\xe2\x83\xa3 Follow @SolSanta_ and @SniperApes2\xe2\x83\xa3 Retweet3\xe2\x83\xa3 Tag 3 pals\xe2\x8f\xb0Ends in 24 hours#solana #SolanaGiveaways  #NFTGiveaway ';Solana
2022-03-21-16:49:18;b'\xf0\x9f\x91\x91 #NFTGiveaway \xf0\x9f\x91\x91\xf0\x9f\x94\xbb0.5 SOL - 50$ \xf0\x9f\x92\xb5\xf0\x9f\x94\xbbx 5 FlatforFlip #NFT WL Spots ( 0.2 $ETH )1\xe2\x83\xa3 Follow @FlatforFlipNFT &amp @sherloNft2\xe2\x83\xa3 Like &amp RT 3\xe2\x83\xa3 Tag 2 friends\xe2\x9c\xa8\xf0\x9f\x8c\xb9 Bonus join Discord in Bio48 HRS\xe2\x8f\xb0#NFTs #NFTCommunity #NFTCollection #NFTdrop #Solana #Opensea #ETH ';Solana
2022-03-21-16:49:18;b'\xf0\x9f\x8e\x81 SOL #GIVEAWAY! \xf0\x9f\x8e\x81Prize:\xf0\x9f\x8f\x86 0.5 $SOL (50$)Must:1\xef\xb8\x8f\xe2\x83\xa3 Follow ME &amp @TheWinnersGames2\xef\xb8\x8f\xe2\x83\xa3 Like &amp RT3\xef\xb8\x8f\xe2\x83\xa3 Tag 3 Friendslil bonus entry , join:  (first 500 get free NFTs tickets! + gas fees)1 Winner!24 HR #NFTGiveaway #NFT #Solana ';Solana
2022-03-21-16:49:18;b'TRX online mining, free registration to get 8000TRX, the withdrawal has been proved, sharing to earn 20% commission Registration URL:  us TRX mining platform, become the next multimillionaire \xf0\x9f\x92\xb0\xf0\x9f\x92\xb0 ';Tron
2022-03-21-16:49:18;b'Knfty Creatures #6078 with Head Accessories: Ushanka Hat (0.27%) was sold on  for 62 ADA ($59.96) ';Cardano
2022-03-21-16:49:19;b'\xf0\x9f\x90\x902nd Community Giveaway!\xf0\x9f\x8e\x89Prize: 1 SOL x 3, NFT x 2\xf0\x9f\x8e\x89Enter:1\xe2\x83\xa3 Follow, Like, RT2\xe2\x83\xa3 Join Discord:  Result will be on Discord \xf0\x9f\x98\x834\xe2\x83\xa3 Hidden criteria on Announcement channel#solGiveaway #Solana #NFTGiveaways #SolNFT #NFTCommunitys #NFTdrop #NFTartist ';Solana
2022-03-21-16:49:19;b'\xf0\x9f\x8e\x81GIVEAWAY!\xf0\x9f\x8e\x81\xf0\x9f\x93\x8cProject - @TheSymbolDAOPrizes:\xf0\x9f\x8f\x861 SOL \xf0\x9f\x8f\x865 WL SPOTS\xf0\x9f\x8f\x861X - Solhub Discord invsTo enter:1\xe2\x83\xa3Follow - @TheSymbolDAO/ @koolk1234562\xe2\x83\xa3RT+LIKE3\xe2\x83\xa3Tag 3 frensBonus entry , Join -  Winners ! Ends in 24 hours\xe2\x8f\xb0#ad #Solana #SolanaGiveaway ';Solana
2022-03-21-16:49:19;b'The latest TRON mine in 2022, the first 1000 people who register today can get 800trx for free. 5trc activation, you can get 3% mining income and up to 8% withdrawal. Withdrawals every day. 10% cash back for first-level users. Commission rates can be up to 20%.#TRX #BTC ';Tron
2022-03-21-16:49:19;b'\xf0\x9f\x8e\x89GIVEAWAY!\xf0\x9f\x8e\x89\xf0\x9f\x8f\x86 3 $SOLTO ENTER:1\xef\xb8\x8f\xe2\x83\xa3 Follow @Kittyhill_Sol 2\xef\xb8\x8f\xe2\x83\xa3 Like &amp RT3\xef\xb8\x8f\xe2\x83\xa3 Tag 3 Friends\xf0\x9f\x93\x8dBonus entry: Turn NOTIS ON\xf0\x9f\x94\x94\xe2\x8f\xb0Ends in 24 hours!#SOL #SolanaGiveaway #solana #SolGiveaways #cryptogiveaway';Solana
2022-03-21-16:49:19;b'Hemos embotellado para vosotros, la fuerza de nuestra tierra, el silencio de la bodega, el sol, la sal, la lluvia y el viento. Hemos embotellado la primavera.#T\xc3\xadoPepe #EnRama2022 en la flor de la vida #SueloyVelo ';Solana
2022-03-21-16:49:19;b'\xf0\x9f\xa7\xa1 #Giveaway\xf0\x9f\xa7\xa1Prizes :\xf0\x9f\x8f\x86 10x WL\xf0\x9f\x8f\x86 .5 $SOLTo Win1\xef\xb8\x8f\xe2\x83\xa3 Follow @playsoulsplit &amp @TikiTuka_2\xef\xb8\x8f\xe2\x83\xa3RT + LIKE (also they\xe2\x80\x99re \xf0\x9f\x93\x8c)3\xef\xb8\x8f\xe2\x83\xa3Comment a name for the mascot \xe2\x8f\xb324h #Solana #NFTGiveaway ';Solana
2022-03-21-16:49:19;b'New airdrop: Sun (SUN)Total Reward: $3,600 worth of SUNRate: \xe2\xad\x90\xef\xb8\x8f\xe2\xad\x90\xef\xb8\x8f\xe2\xad\x90\xef\xb8\x8f\xe2\xad\x90\xef\xb8\x8f\xe2\xad\x90\xef\xb8\x8fWinners: 1,000 Random &amp Top 100Distribution: within 7 working days after airdrop endsBot Airdrop Link:  #Airdrops #Airdropinspector #TRX #Sun #Crypto #Bitcoin';Tron
2022-03-21-16:49:20;b'RT @Btctools: Cardano Price Analysis: All Eyes on $1 as ADA Explodes 8% Daily ';Cardano
2022-03-21-16:49:20;b'Bull Empire #942 sold for 8.5 SOL on Magic Eden';Solana
2022-03-21-16:49:20;b'\xf0\x9f\x8e\x89SOL GIVEAWAY\xf0\x9f\x8e\x89\xf0\x9f\x8f\x860.25 $SOL ($25)\xf0\x9f\x93\x9dTO ENTER\xe2\x80\xa6\xe2\x9c\x85Follow @legacy_sol &amp @player069nft \xe2\x9c\x85LIKE &amp RT\xe2\x9c\x85TAG 3 FRIENDS\xf0\x9f\x8e\xafBONUS entry - join  IN 24 HOURS#solgiveaway #solananfts #NOTISQUAD #solana ';Solana
2022-03-21-16:49:20;b'\xf0\x9f\x8e\x89GIVEAWAY\xf0\x9f\x8e\x89\xf0\x9f\x8f\x86$25 in $SOL1\xe2\x83\xa3Follow @detectivesol2\xe2\x83\xa3Retweet &amp like3\xe2\x83\xa3Tag 3 friends\xf0\x9f\x8e\xafBONUS ENTRY - TURN NOTIS ON24H#Solana  #SolanaGiveaways #NFTGiveaway #NOTISQUAD';Solana
2022-03-21-16:49:20;b'\xe2\x9c\x85Register to get 5888TRX for free \xf0\x9f\x91\x86Recommend TRX mining website.\xf0\x9f\x91\x89Minimum deposit 5trx daily income 3.5%-10%\xf0\x9f\x91\x89The investment cycle is 7-360 days, and the daily income is 3%-20%\xe2\x9c\x85Register link:  TG: ';Tron
2022-03-21-16:49:20;b'Happily holding these Cybogrez earning $14/day! Keeping my fairyz too! @ZankokuLabz \xf0\x9f\x9a\x80 @Solana_GoddessToken $JUNKz at $1.41 \xf0\x9f\x91\x80FP at 21 sol Cybogrez \xf0\x9f\x94\xa5FP at 7.7 sol Fairyz \xf0\x9f\x98\x8dLove it! The team just keeps on grinding! \xf0\x9f\xa4\x9d\xf0\x9f\x92\xaa\xf0\x9f\x91\x8d\xf0\x9f\x99\x8c#SolanaNFTs #NFTStaking #NFTS #NFTCommunity';Solana
2022-03-21-16:49:20;b'Toobemi mining \xe2\x9b\x8f\xef\xb8\x8f will be available to our users very soon. We hope to successfully complete our testing phase.You will be able to transfer your bonus TOOB earnings to TronLink and TrustWallet wallets by mining and lowering the withdrawal limit.#lightseason #toobemi #USDT #TRX ';Tron
2022-03-21-16:49:20;b'What keeps the ball moving?AUCTION LIVE for On The Move\xf0\x9f\x93\xa2only on @formfunction \xf0\x9f\x8c\xb8Reserve Price: 5 $SOL24 Hours! #nfts #solana #SolanaNFT #SolanaNFTDrop #NFTCommunity #NFTdrop #nftart #nftcollectors ';Solana
2022-03-21-16:49:20;b'\xf0\x9f\x8e\x81 SOL GIVEAWAY \xf0\x9f\x8e\x81Prize:\xf0\x9f\x8f\x86 3 $sol ($300)To Enter:\xe2\x9c\x85 Follow @SolSpliff \xe2\x9c\x85 RT &amp Like\xe2\x9c\x85 Bonus - Tag 3 Friends1 winner\xe2\x8f\xb348 Hours#Solana #NFTGiveaway #SolanaNFTs #SolanaGiveaway #SolanaGiveaways ';Solana
2022-03-21-16:49:21;b'\xf0\x9f\x8e\x81 SOL #GIVEAWAY! \xf0\x9f\x8e\x81Prize:\xf0\x9f\x8f\x86 0.5 $SOL (50$)Must:1\xef\xb8\x8f\xe2\x83\xa3 Follow ME &amp @TheWinnersGames2\xef\xb8\x8f\xe2\x83\xa3 Like &amp RT3\xef\xb8\x8f\xe2\x83\xa3 Tag 3 Friendslil bonus entry , join:  (first 500 get free NFTs tickets! + gas fees)1 Winner!24 HR #NFTGiveaway #NFT #Solana ';Solana
2022-03-21-16:49:21;b'\xf0\x9f\x8e\x81 GIVEAWAY \xf0\x9f\x8e\x81 \xf0\x9f\x91\x89Project - @GhostfaceNFTPrize: \xf0\x9f\x8f\x860.5 sol\xf0\x9f\x8f\x861x WL spots To Enter:1\xef\xb8\x8f\xe2\x83\xa3 Follow @GhostfaceNFT &amp @supersol__2\xef\xb8\x8f\xe2\x83\xa3 Like &amp RT 3\xef\xb8\x8f\xe2\x83\xa3 Tag 3 frens4\xef\xb8\x8f\xe2\x83\xa3 Join Discord -  in 24 hours \xf0\x9f\x94\x94#sol #solana #solananfts #nft #nfts #nftcommunity ';Solana
2022-03-21-16:49:21;b'dibalik akun-akun yang walaupun different identity kan ada manusia asli and if you have moral I don\xe2\x80\x99t think having two or more lovers at the same time is right even if it is virtual';Cardano
2022-03-21-16:49:22;b'\xf0\x9f\x8e\x81GIVEAWAY!\xf0\x9f\x8e\x81Prizes: \xf0\x9f\x8f\x861 $SOL ($100)\xf0\x9f\x8f\x8610X WLMust: 1\xe2\x83\xa3Follow @nftjakey and @Player069NFT 2\xe2\x83\xa3RT + LIKE3\xe2\x83\xa3Tag 3 friends  Lil Bonus entry, join discord:  winners!24 HR #solana  #NFTGiveaway ';Solana
2022-03-21-16:49:22;b'\xf0\x9f\x8e\x81SOL &amp NFT GIVEAWAY!\xf0\x9f\x8e\x81Prizes:\xf0\x9f\x8f\x86$10 (.1 SOL)\xf0\x9f\x8f\x862x NFT\xf0\x9f\x8f\x8610x WL Spots1\xe2\x83\xa3Follow @DoodleKoalas &amp @solknight1112\xe2\x83\xa3Retweet and Like3\xe2\x83\xa3Tag 3 FRIENDS\xf0\x9f\x8e\xafBONUS ENTRY!: Turn NOTIS ONEnds in 24 HOURS\xe2\x8f\xb3#Solana #SolanaGiveaway #NotiMob ';Solana
2022-03-21-16:49:22;b'Discord is now LIVE \xf0\x9f\x94\xa5To celebrate, we are doing a #Giveaway! \xf0\x9f\x91\x80\xf0\x9f\x8e\x81Prizes\xf0\x9f\x8e\x81\xe2\x9e\xa1\xef\xb8\x8f0.3 SOL\xe2\x9e\xa1\xef\xb8\x8f10 WL Spots\xe2\x9e\xa1\xef\xb8\x8f1 Comedy Ape #NFT To Enter:\xe2\x9e\xa1\xef\xb8\x8fFollow us, RT &amp \xe2\x9d\xa4\xef\xb8\x8f \xe2\x9e\xa1\xef\xb8\x8fTag 2 Friends\xe2\x9e\xa1\xef\xb8\x8fJoin our discord: 24 Hours#NFTGiveaways #SolanaNFTs #NFTdrops #NFTCommunity ';Solana
2022-03-21-16:49:22;b'\xf0\x9f\x9a\x80\xf0\x9f\x9a\x80\xf0\x9f\x9a\x80 #NFTGiveaway \xf0\x9f\x9a\x80\xf0\x9f\x9a\x80\xf0\x9f\x9a\x80\xf0\x9f\x93\xa2 Join your favorite NFL Team!\xf0\x9f\x94\xa5 Already 20+ Teams Sold Out!\xf0\x9f\x8f\x86 Prizes: \xf0\x9f\x8e\x81 0.5 $SOL - 50 $\xf0\x9f\x8e\x81 1 \xf0\x9d\x90\x96\xf0\x9d\x90\x9a\xf0\x9d\x90\xac\xf0\x9d\x90\xa1\xf0\x9d\x90\xa2\xf0\x9d\x90\xa7\xf0\x9d\x90\xa0\xf0\x9d\x90\xad\xf0\x9d\x90\xa8\xf0\x9d\x90\xa7 \xf0\x9d\x90\x91\xf0\x9d\x90\x9e\xf0\x9d\x90\x9d\xf0\x9d\x90\xac\xf0\x9d\x90\xa4\xf0\x9d\x90\xa2\xf0\x9d\x90\xa7\xf0\x9d\x90\xac #NFT \xe2\x9c\x85 \xe2\x9d\xa4\xef\xb8\x8f RT &amp Tag Friends\xe2\x9c\x85 Follow @SOL_NFL_PLAYER &amp @MintOfTheDay \xf0\x9f\x94\x94\xe2\x8f\xb0 2 winners - 48h!#MintOfTheDay \xf0\x9f\x9a\x80 ';Solana
2022-03-21-16:49:22;b'\xf0\x9f\xa7\xa1 #Giveaway \xf0\x9f\xa7\xa1Prizes :\xf0\x9f\x8f\x86 1x #NFT (after mint)\xf0\x9f\x8f\x86 50$ ~ $SOLTo Win1\xef\xb8\x8f\xe2\x83\xa3 Follow @MetaWeatherNFT &amp @TikiTuka_2\xef\xb8\x8f\xe2\x83\xa3RT + LIKE3\xef\xb8\x8f\xe2\x83\xa3Tag a friend \xe2\x8f\xb324h #Solana #NFTGiveaway ';Solana
2022-03-21-16:49:22;b'Honest question, do we need to send a Muslim to space to come out with panduan Solat di angkasa lepas? If we don\xe2\x80\x99t need to, there\xe2\x80\x99s no relevance here.';Solana
2022-03-21-16:49:22;b'Happily holding these Cybogrez earning $14/day! Keeping my fairyz too! @ZankokuLabz \xf0\x9f\x9a\x80 @Solana_GoddessToken $JUNKz at $1.41 \xf0\x9f\x91\x80FP at 21 sol Cybogrez \xf0\x9f\x94\xa5FP at 7.7 sol Fairyz \xf0\x9f\x98\x8dLove it! The team just keeps on grinding! \xf0\x9f\xa4\x9d\xf0\x9f\x92\xaa\xf0\x9f\x91\x8d\xf0\x9f\x99\x8c#SolanaNFTs #NFTStaking #NFTS #NFTCommunity';Solana
2022-03-21-16:49:23;b'\xf0\x9f\x8f\x86 #NFTGiveaway \xf0\x9f\x8f\x86\xf0\x9f\xa5\x87 5x WL spots #NFT\xf0\x9f\xa5\x88 0.5 $SOL (50$) \xf0\x9f\x92\xb8\xf0\x9f\x91\x87Rules:1\xef\xb8\x8f\xe2\x83\xa3 Follow @Chromo_promo + @playsoulsplit 2\xef\xb8\x8f\xe2\x83\xa3 RT &amp \xf0\x9f\xa4\x8d this3\xef\xb8\x8f\xe2\x83\xa3 \xf0\x9f\xa4\x8d+ Reply gm in their Pinned Tweet\xe2\x8f\xb024H#NFTdrop #nftcollector #NFTartists #NFTartwork #NFTs #NFTCollection #NFTProject #nftart #Solana ';Solana
2022-03-21-16:49:23;b'To celebrate new partnership with @degencoinflip GIVING AWAY 3 SOL TO 3 LUCKY DEGENS.To  ENTER:- LIKE + RT- FOLLOW both @degencoinflip + @CyberVillainz  - Tag 2 friends- Play at  and post a TX ID or screenshot below.WINNER PICKED in 3 days. \xf0\x9f\xa5\xa6 ';Solana
2022-03-22-16:49:24;b'RT @CryptoAnglio: Improving my Discord BIG TIME This will be one of the best ALPHA groups in $SOL mark my words';Solana
2022-03-22-16:49:24;b'RT @SolGiverNFT: \xf0\x9f\x8e\x81 $SOL GIVEAWAY \xf0\x9f\x8e\x81\xf0\x9f\x8f\x86$1 ( $SOL )  1\xe2\x83\xa3Follow @SolGiverNFT \xf0\x9f\x94\x942\xe2\x83\xa3RT + TAG 3\xf0\x9f\x8e\xafBonus: RT Pinned24H #Solana\xc2\xa0#NFTGiveaway';Solana
2022-03-22-16:49:24;b'\xf0\x9f\x8e\x81 GIVEAWAY \xf0\x9f\x8e\x81 \xf0\x9f\x91\x89Project - @GhostfaceNFTPrize: \xf0\x9f\x8f\x860.5 sol\xf0\x9f\x8f\x861x WL spots To Enter:1\xef\xb8\x8f\xe2\x83\xa3 Follow @GhostfaceNFT &amp @supersol__2\xef\xb8\x8f\xe2\x83\xa3 Like &amp RT 3\xef\xb8\x8f\xe2\x83\xa3 Tag 3 frens4\xef\xb8\x8f\xe2\x83\xa3 Join Discord -  in 24 hours \xf0\x9f\x94\x94#sol #solana #solananfts #nft #nfts #nftcommunity ';Solana
2022-03-22-16:49:24;b'\xf0\x9f\x8e\x81NIGHT GIVEAWAY!\xf0\x9f\x8e\x81Prizes:\xf0\x9f\x8f\x86.25 SOL (~$25)To enter2\xe2\x83\xa3Follow @ElectroExtant 3\xe2\x83\xa3LIKE and RT4\xe2\x83\xa3Tag 3 Friendswinner when i awake #solana #NFTGiveaway';Solana
2022-03-22-16:49:24;b'\xf0\x9f\x94\xb9 TOP Coins by Galaxy Score! 22 March 2022@OlympusGrowth $OHM@elongateog #ELONGATE @JasmyMGT $JASMY@Bitcoin $BTC@terafoundation $TERA@beethoven_x $BEETS@ethereum $ETH@Cardano $ADA@Filecoin $FIL@BabyDogeCoin #BabyDogeCoin #BabyDoge ';Cardano
2022-03-22-16:49:25;b'\xf0\x9f\x8e\x81 GIVEAWAY \xf0\x9f\x8e\x81 \xf0\x9f\x8f\x86.5 $SOL ($50)\xf0\x9f\x8f\x865x WL Spots To Enter: 1\xe2\x83\xa3Follow @BabyPandaCafe &amp @TheSolanaBoss 2\xe2\x83\xa3RT, \xe2\x9d\xa4\xef\xb8\x8f &amp tag 2 friends\xf0\x9f\x94\x94Winners announced in 48 hours\xf0\x9f\x94\x94 #SolanaNFTs\xc2\xa0 #NFTGiveaway ';Solana
2022-03-22-16:49:25;b'\xf0\x9f\x8e\x89SOL GIVEAWAY!!\xf0\x9f\x8e\x89Just got myself 2 @millionairemole!Cool art, strong utility with live gaming site \xf0\x9f\x8e\xb0Prize: 2 SOL (2 people win 1 SOL)To enter:- Follow @playmatejaylene &amp @millionairemole - Like and RT- Tag two friends ';Solana
2022-03-22-16:49:25;b'3 Avax $270 USD Giveaway 3 winners 3 #Avax\xc2\xa0 DODO is an On-Chain Liquidity Provider for everyone.Aims to be the Best Decentralize Exchange(DEX) on trading volumes.\xf0\x9f\x94\xb4RT &amp Like \xf0\x9f\x94\xb4Follow @AvaxMarket &amp @BreederDodo \xf0\x9f\x94\xb4Tag 2 friends72\xe2\x8f\xb3#Avax\xc2\xa0 #Giveaway #Avalanche\xc2\xa0$APE #SOL';Solana
2022-03-22-16:49:25;b'\xf0\x9f\x8e\x81 #NFTGiveaway \xf0\x9f\x8e\x81Prizes:\xf0\x9f\x92\xa5 1x NFT (Worth 150$) \xf0\x9f\x8f\x86\xf0\x9f\x92\xa5 5x WL \xf0\x9f\x8e\xab\xf0\x9f\x92\xa5 0.2 #Sol \xf0\x9f\x92\xb5RULES\xe2\xac\x87\xef\xb8\x8f1\xef\xb8\x8f\xe2\x83\xa3 Follow @thesolasis_ &amp @ForzaNft2\xef\xb8\x8f\xe2\x83\xa3 \xe2\x9d\xa4\xef\xb8\x8f &amp RT3\xef\xb8\x8f\xe2\x83\xa3 Tag 2+ #NFT Friends\xe2\x8f\xb0 24H\xf0\x9f\x8e\x89Join Discord for extra chance:  #NFTs #NFTGiveaways #Solana #Airdrop #art ';Solana
2022-03-22-16:49:25;b'RT @SolGiverNFT: \xf0\x9f\x8e\x81 $SOL GIVEAWAY \xf0\x9f\x8e\x81\xf0\x9f\x8f\x86$1 ( $SOL )  1\xe2\x83\xa3Follow @SolGiverNFT \xf0\x9f\x94\x942\xe2\x83\xa3RT + TAG 3\xf0\x9f\x8e\xafBonus: RT Pinned24H #Solana\xc2\xa0#NFTGiveaway';Solana
2022-03-22-16:49:25;b'3 Avax $270 USD Giveaway 3 winners 3 #Avax\xc2\xa0 DODO is an On-Chain Liquidity Provider for everyone.Aims to be the Best Decentralize Exchange(DEX) on trading volumes.\xf0\x9f\x94\xb4RT &amp Like \xf0\x9f\x94\xb4Follow @AvaxMarket &amp @BreederDodo \xf0\x9f\x94\xb4Tag 2 friends72\xe2\x8f\xb3#Avax\xc2\xa0 #Giveaway #Avalanche\xc2\xa0$APE #SOL';Solana
2022-03-22-16:49:25;b'\xf0\x9f\x8e\x81SOL+WL Giveaway\xf0\x9f\x8e\x81\xf0\x9f\x8f\x86Prizes:1x 0.5 $SOL [$50]1x FREE #NFT5x WL SpotsTo Enter:1\xe2\x83\xa3 Follow @Mikey_NFTs / @patrol_panda 2\xef\xb8\x8f\xe2\x83\xa3\xe2\x9d\xa4\xef\xb8\x8f+ RT3\xef\xb8\x8f\xe2\x83\xa3 Tag 3 friends \xf0\x9f\x91\x87\xe2\x9c\x94\xef\xb8\x8f7 Winners in 24 hours!\xe2\x8f\xb0#NFTCommunity #Solana #NFTGiveaway #NFTGiveaways ';Solana
2022-03-22-16:49:26;b'RT @SolGiveaw4ys: \xe2\x9a\xa1Giveaway\xe2\x9a\xa11 SOL ($80)1\xef\xb8\x8f\xe2\x83\xa3Follow @BZCriminals and @SolGiveaw4ys2\xef\xb8\x8f\xe2\x83\xa3 RT and tag 3 friends';Solana
2022-03-22-16:49:26;b'\xf0\x9f\x8e\x89SOL GIVEAWAY!!\xf0\x9f\x8e\x89Just got myself 2 @millionairemole!Cool art, strong utility with live gaming site \xf0\x9f\x8e\xb0Prize: 2 SOL (2 people win 1 SOL)To enter:- Follow @playmatejaylene &amp @millionairemole - Like and RT- Tag two friends ';Solana
2022-03-22-16:49:27;b'\xf0\x9f\x8e\x81 #NFTGiveaway \xf0\x9f\x8e\x81\xf0\x9f\x8f\x861x 0.2 SOL     20 $\xf0\x9f\x8f\x861x Metaspace Dudes  NFT1\xe2\x83\xa3 Follow @Metaspacedudes &amp @NFTnemesisX2\xe2\x83\xa3 RT &amp \xe2\x9d\xa4\xef\xb8\x8f 3\xe2\x83\xa3 Join:   Hours#NFTs #Giveaway #NFTCommunity #nftcollector #Airdrop #Airdrops #nftart ';Solana
2022-03-22-16:49:27;b'RT @SolChiefNFT: \xf0\x9f\x8e\x81 GIVEAWAY \xf0\x9f\x8e\x81\xf0\x9f\x8f\x861x $SOL NFT1\xe2\x83\xa3Follow @SolChiefNFT &amp @SolGiverNFT 2\xe2\x83\xa3RT + TAG 3\xf0\x9f\x8e\xafBONUS ENTRY!: Turn NOTIS ON24H #Solana\xc2\xa0\xe2\x80\xa6';Solana
2022-03-22-16:49:27;b'\xf0\x9f\x8e\x81SOL + NFT GIVEAWAY \xf0\x9f\x8e\x81                 MyMetaHouse ,Houses of the future in Metaverse  Prizes:-\xf0\x9f\x8f\x860.25 $SOL \xf0\x9f\x8f\x861x NFT \xf0\x9f\x8f\x861x OG ROLE\xf0\x9f\x8f\x8610 WL SPOTSTo win 1\xe2\x83\xa3Follow ME &amp @mymetahouse2\xe2\x83\xa3RT \xe2\x9d\xa4\xef\xb8\x8f3\xef\xb8\x8f\xe2\x83\xa3Tag 3 frens12 hrs \xe2\x9a\xa1#Solana #SolanaGiveaway #solGiveaway #NFTGiveaway ';Solana
2022-03-22-16:49:27;b'\xf0\x9f\x8e\x81HUGE GIVEAWAY\xf0\x9f\x8e\x81\xf0\x9f\x8f\x86Winnings:\xf0\x9f\x92\xb51 SOL\xf0\x9f\x93\x9cRequirments:1\xe2\x83\xa3 Follow @SolSanta_2\xe2\x83\xa3 Like &amp RT3\xe2\x83\xa3 Tag 3 Friends\xf0\x9f\x8e\xafBonus Entry:Turn on notis#NFT #NFTCommunity #Solana #NOTISQUAD';Solana
2022-03-22-16:49:27;b'\xf0\x9f\x8e\x81GIVEAWAY\xf0\x9f\x8e\x811 Winner0.2 $SOL \xf0\x9f\xa4\x9dTo enter:1\xef\xb8\x8f\xe2\x83\xa3 Like &amp RT 2\xef\xb8\x8f\xe2\x83\xa3 Follow me3\xef\xb8\x8f\xe2\x83\xa3 Tag 3 friends  \xe2\x8f\xb324 hrs #solana #NFT #Solana #nft #NFTs #nftgiveaway #NFTCommunity #nftcollectors #NFTProject #SolNFT #NFTdrop #NFTLAUNCH';Solana
2022-03-22-16:49:27;b'\xf0\x9f\x8e\x81 GIVEAWAY \xf0\x9f\x8e\x81 \xf0\x9f\x91\x89Project - @GhostfaceNFTPrize: \xf0\x9f\x8f\x860.5 sol\xf0\x9f\x8f\x861x WL spots To Enter:1\xef\xb8\x8f\xe2\x83\xa3 Follow @GhostfaceNFT &amp @supersol__2\xef\xb8\x8f\xe2\x83\xa3 Like &amp RT 3\xef\xb8\x8f\xe2\x83\xa3 Tag 3 frens4\xef\xb8\x8f\xe2\x83\xa3 Join Discord -  in 24 hours \xf0\x9f\x94\x94#sol #solana #solananfts #nft #nfts #nftcommunity ';Solana
2022-03-22-16:49:27;b'\xf0\x9f\x8e\x81 GIVEAWAY \xf0\x9f\x8e\x81 \xf0\x9f\x91\x89Project - @mv_studio_Prizes: \xf0\x9f\x8f\x86.1 $SOL\xf0\x9f\x8f\x865x WLTo Enter: 1\xe2\x83\xa3Follow @mv_studio_ &amp @sollgiveaways2\xe2\x83\xa3RT + \xe2\x9d\xa4\xef\xb8\x8f3\xef\xb8\x8f\xe2\x83\xa3Tag 3 friends4\xe2\x83\xa3Join Discord:  hours\xf0\x9f\x94\x94#Solana #SolanaNFTs #NFTGiveaway #NFTs ';Solana
2022-03-22-16:49:28;b'Bitcoin Taproot upgrade improves the network as BTC price impact may be limited - best crypto discord group over 80k member and even have their own app join here. $ETH $ADA $DOGE $LTC $DOT $MATIC $VRA $TEL #crypto #cryptocurrency ';Cardano
2022-03-22-16:49:29;b'Guys! \xf0\x9f\x91\x8bWhitelist tokens have been sent to you! \xf0\x9f\xa5\xb3The price for Whitelist is only 1.3 SOL\xf0\x9f\xa4\x91Pre-sale starts at 19:00 UTC! \xe2\x8c\x9b\xef\xb8\x8fTag your friends in this post! Five random people will be chosen and added to our Whitelist!\xf0\x9f\x9a\x80Set your alarm!\xf0\x9f\x94\xa5#NFT #MINT #Solana #PixelValhalla ';Solana
2022-03-22-16:49:29;b'Hey everyone \xf0\x9f\x8c\x88\xf0\x9f\x8c\x88My favorite gems \xf0\x9f\x92\x8e right now: 1.  $BTC  2.  $ETH 3.  $KASTA \xe2\x9a\xa1\xef\xb8\x8f4.  $SOL5.  $MATIC 6.  $MANA7.  ___?What\xe2\x80\x99s missing?\xf0\x9f\x91\x87\xf0\x9f\x8f\xbb\xf0\x9f\x91\x87\xf0\x9f\x8f\xbb\xf0\x9f\x91\x87\xf0\x9f\x8f\xbb';Solana
2022-03-22-16:49:29;b'\xe2\x9a\xa1\xef\xb8\x8f\xf0\x9f\x8e\x81Free #SolanaGiveaway\xf0\x9f\x8e\x81\xe2\x9a\xa1\xef\xb8\x8f$92 \xe2\x9d\x8c 1 SOL\xe2\x9c\x85To Enter1\xef\xb8\x8f\xe2\x83\xa3Follow Me and @MarvinRailey2\xef\xb8\x8f\xe2\x83\xa3\xe2\x9d\xa4\xef\xb8\x8f+RT \xe2\x8f\xb048hr#NFT #NFTs #Airdrop #NFTdrop #Solana  #ETH  #SolanaNFTs ';Solana
2022-03-22-16:49:29;b'@MartiniGuyYT Me either. I just invested tether in Matic and Sol, feel bullish!';Solana
2022-03-22-16:49:29;b'1 $SOL ($90) to someone who likes + rtsmust be following me and show proof of notisends in 24 hours :)#Solana #SolanaGiveaway #NOTISQUAD #SOL #SolanaAirdrop';Solana
2022-03-22-16:49:29;b'RT @TheADAApe: This chart pattern perfectly mirrors @mikealfred and @invest_answers\xe2\x80\x99 blood pressure. #cardano $ADA ';Cardano
2022-03-22-16:49:29;b'\xe2\x9a\x93\xef\xb8\x8f $ANKR #ANKR @ANKR\xf0\x9f\x94\xa5$DOGE $NU $XRP $LTC $ETH $ATOM $CGLD $BCH $COMP $BTC #BTC #bitcoin #bnb\xc2\xa0#Binance\xc2\xa0$COIN #Crypto #web3 $MATIC $SOL $JASMY $NKN #NFT $ETC $MANA  $SHIB #SAFEMOON $AMP $CLV   $TRIB $KEEP $LRC $ADA $GRT $ACH $ARPA @kayoncloud @AttalSam @chandlersyf @ryanfang95';Cardano
2022-03-22-16:49:30;b'Website: | Best Tron (TRX) Cloud Mining Website | TRX New Site Today | TRX Mining Today | TRX Mining Site ';Tron
2022-03-22-16:49:30;b'Just under 24h since the @BizarreStarsNFT public launch of #BizarreBudz and in very nice company on the sales charts!82k #ADA sales puts them #3 for the day, just behind @spacebudzNFT  the inspiration for the set and gold standard of the #CNFTCommunity #13 for the week already! ';Cardano
2022-03-22-16:49:30;b'RT @GemsScope: .5 Sol | 1 Winner | 24hRT + Follow @0nlyNFTs with\xf0\x9f\x94\x94 ON';Solana
2022-03-22-16:49:30;b'\xf0\x9f\x8e\x81 NFT+SOL #GIVEAWAY! \xf0\x9f\x8e\x81 Prizes: \xf0\x9f\x8f\x86 1 $SOL - 100$ \xf0\x9f\x8f\x86 1X NFT\xf0\x9f\x8f\x86 10X WLMust: 1\xef\xb8\x8f\xe2\x83\xa3 Follow ME &amp @ThePristine_NFT 2\xef\xb8\x8f\xe2\x83\xa3 Like &amp RT 3\xef\xb8\x8f\xe2\x83\xa3 Tag 3 Friends \xf0\x9f\x91\xbeJoin:  24 HR - 12 Winners! #NFTGiveaway #NFTCommunity #NFT ';Solana
2022-03-22-16:49:30;b'As we get closer to our WL sale end well give away \xf0\x9f\x8e\x89\xf0\x9f\x94\xa5  1 Big Shot Foxes Nft  \xf0\x9f\x94\xa5\xf0\x9f\xa6\x8a 10 RANDOM WHITELIST SPOTS \xf0\x9f\xa6\x8a\xf0\x9f\x92\xa50.5 SOL\xf0\x9f\x92\xa5To enter:1\xef\xb8\x8f\xe2\x83\xa3 Follow @BigShotFoxes, @Tainaker_2\xef\xb8\x8f\xe2\x83\xa3 Like and RT3\xef\xb8\x8f\xe2\x83\xa3 Tag 3 friends below!\xe2\xac\x87\xef\xb8\x8fWinners announced in 12hrs! \xf0\x9f\x8f\x86 #SolanaNFTs #SolanaGiveaways ';Solana
2022-03-22-16:49:31;b'\xf0\x9f\x8e\x81SOL+WL Giveaway\xf0\x9f\x8e\x81\xf0\x9f\x8f\x86Prizes:1x 0.5 $SOL [$50]1x FREE #NFT5x WL SpotsTo Enter:1\xe2\x83\xa3 Follow @Mikey_NFTs / @patrol_panda 2\xef\xb8\x8f\xe2\x83\xa3\xe2\x9d\xa4\xef\xb8\x8f+ RT3\xef\xb8\x8f\xe2\x83\xa3 Tag 3 friends \xf0\x9f\x91\x87\xe2\x9c\x94\xef\xb8\x8f7 Winners in 24 hours!\xe2\x8f\xb0#NFTCommunity #Solana #NFTGiveaway #NFTGiveaways ';Solana
2022-03-22-16:49:31;b'RT @TikiTuka_: Rt &amp Like if you love Tiki Logo .1 $SOL';Solana
2022-03-22-16:49:31;b'Hey @pixiekate13, One small question about your article. Why is @solana listed above #cardano? Clearly, @Grayscales holdings show their portfolio consists of a larger percentage $ada than $sol#cardano #ada $ada #hosky ';Cardano
2022-03-22-16:49:31;b'Hey everyone \xf0\x9f\x8c\x88\xf0\x9f\x8c\x88My favorite gems \xf0\x9f\x92\x8e right now: 1.  $BTC  2.  $ETH 3.  $KASTA \xe2\x9a\xa1\xef\xb8\x8f4.  $SOL5.  $MATIC 6.  $MANA7.  ___?What\xe2\x80\x99s missing?\xf0\x9f\x91\x87\xf0\x9f\x8f\xbb\xf0\x9f\x91\x87\xf0\x9f\x8f\xbb\xf0\x9f\x91\x87\xf0\x9f\x8f\xbb';Solana
2022-03-22-16:49:31;b'I scooped both of these within 2 Sol of the floor the last 2 days. Straight up feels like the BAYC of Solana. Community is so awesome, I\xe2\x80\x99ve been waiting a while to have the money for these!!  #DeGods @DeGodsNFT ';Solana
2022-03-22-16:49:31;b'\xf0\x9f\x8e\x89FREE #NFT GIVEAWAY\xf0\x9f\x8e\x89 @ThePeekabooClub decide to giveaway0.1 SOL +  1 \xc3\x97 Free NFT + 10\xc3\x97 WL spots  To win:1\xef\xb8\x8f\xe2\x83\xa3Follow @ThePeekabooClub &amp @Purplgiveaway 2\xef\xb8\x8f\xe2\x83\xa3Like &amp Retweet  Winner in 24h#nftcollector #NFTGiveaway #NFTCommunity #NFT #NFTs #NFTdrop  #ETH ';Solana
2022-03-22-16:49:31;b'\xf0\x9f\x8e\x81 #Giveaway with DailyNFTPromo \xf0\x9f\x8e\x81Prizes:\xf0\x9f\x8f\x86 .1 $SOL ($10)To Enter:1\xe2\x83\xa3 Follow @PromoJordans &amp @dailynftpromo2\xe2\x83\xa3 RT &amp Like3\xe2\x83\xa3 Tag 3 Friends1 Winner! Ends in 24H\xe2\x8f\xb0#NFTGiveaway #NFTCommunity #NFTs #Solana\xc2\xa0#NFTDrop #NFTCollection #ETH #Ad #BNB #Airdrop';Solana
2022-03-22-16:49:31;b'\xf0\x9f\x8e\x81 GIVEAWAY \xf0\x9f\x8e\x81 \xf0\x9f\x8f\x861x $SOL ($100)\xf0\x9f\x8f\x862x NFTs ($100)To Enter: 1\xe2\x83\xa3Follow @goatelves &amp @TheSolanaBoss2\xe2\x83\xa3RT, \xe2\x9d\xa4\xef\xb8\x8f &amp tag 2 friends\xf0\x9f\x94\x94Winners announced in 48 hours\xf0\x9f\x94\x94 #SolanaNFTs  #NFTGiveaways ';Solana
2022-03-22-16:49:32;b'\xf0\x9f\x8e\x89SOL GIVEAWAY\xf0\x9f\x8e\x89Prize:\xf0\x9f\x8f\x860.1 $SOL(10 USD) \xf0\x9f\x8f\x8610x Whitelist spots 1\xe2\x83\xa3 Follow @Heads_wac &amp @legacy_sol (\xf0\x9f\x94\x94)2\xef\xb8\x8f\xe2\x83\xa3 Turn Notis on!3\xe2\x83\xa3 RT + LIKE\xf0\x9f\x8f\x81 Reply w/ proof \xe2\x9c\x94\xef\xb8\x8fONLY 24 HRS \xe2\x9a\xa1\xe2\x9a\xa1#Solana #SolanaGiveaways #SolanaNFTs';Solana
2022-03-22-16:49:32;b'1 TOOB = $0.72\xf0\x9f\x93\x88Dont miss the train on the way to Toobemis moon! #toobemi #lightseason #cryptoinsurance #USDT #TRX ';Tron
2022-03-22-16:49:32;b'\xe2\x9a\xa1\xef\xb8\x8f#NFTGiveaway \xe2\x9a\xa1\xef\xb8\x8f\xf0\x9f\x8c\xb82 Winners\xf0\x9f\x8c\xb8\xf0\x9f\x8f\x86 5x Wyld Flowers WL spots\xe2\x9a\xaa\xef\xb8\x8f-\xf0\x9f\x8f\x86 .6 $SOL ~ $50\xf0\x9f\x92\xb5To Enter \xe2\xa4\xb5\xef\xb8\x8f1\xe2\x83\xa3 Follow @WyldFlowersNFT &amp @Vinst_NFT2\xe2\x83\xa3 RT\xf0\x9f\x94\x83 &amp Like \xe2\x99\xa5\xef\xb8\x8f3\xe2\x83\xa3 Tag 3 Friends\xe2\x8f\xb324H#NFTCommunity #NFTCollector #NFTart #NFTdrop ';Solana
2022-03-22-16:49:32;b'RT @cryptosanthoshg: 1 winner. NFT Or  $SOL in 15 minutes\xf0\x9f\x9a\x80\xf0\x9f\x9a\x80Rt &amp follow me \xf0\x9f\x94\x94Lfg!!';Solana
2022-03-22-16:49:32;b'Knfty Creatures #0630 with Head Accessories: Pirate Hat (1.14%) was sold on  for 65 ADA ($62.86) ';Cardano
2022-03-22-16:49:32;b'\xf0\x9f\x8e\x81 #Solana - #Busd - #Giveaway1\xef\xb8\x8f\xe2\x83\xa3 RT this + RT my pinned \xf0\x9f\x93\x8c2\xef\xb8\x8f\xe2\x83\xa3 follow me + @0xHerrCooles (\xf0\x9f\x94\x94)3\xef\xb8\x8f\xe2\x83\xa3 drop your $Sol or $Busd wallet \xe2\x8f\xb0 Random airdrops for the next 24h \xf0\x9f\x8d\x80 Good Luck \xf0\x9f\x8d\x80 ';Solana
2022-03-22-16:49:33;b'\xf0\x9f\xa4\xa0Heya Aquafarmers, we received questions from the community on where each yield stream originates, a thread\xf0\x9f\xa7\xb5hint: its 9x\xf0\x9f\xa4\xaf1. $ADA deposited in the #Cardano market contract is staked earning Cardanos ~5% staking reward. Learn more on stake scripts: ';Cardano
2022-03-22-16:49:33;b'\xf0\x9f\x8e\x81 #Giveaway with Kings of Africa \xf0\x9f\x8e\x81Prizes:\xf0\x9f\x8f\x86.5 SOL ($50)\xf0\x9f\x8f\x86 5x Whitelist SpotsTo Enter:1\xe2\x83\xa3Follow @KOAnft &amp @MetaRarityNFT2\xe2\x83\xa3RT, LIKE3\xe2\x83\xa3Tag 3 friends6 Winners! Ends in 24H\xe2\x8f\xb0#NFT #NFTcommunity #NFTdrop #NFTGiveaway #NOTIGANG ';Solana
2022-03-22-16:49:33;b'Bitcoin Taproot upgrade improves the network as BTC price impact may be limited - best crypto discord group over 80k member and even have their own app join here. $ETH $ADA $DOGE $LTC $DOT $MATIC $VRA $TEL #crypto #cryptocurrency ';Cardano
2022-03-22-16:49:33;b'@FootballJOE \xf0\x9f\x87\xaa\xf0\x9f\x87\xb8GK: S. Canizares \xf0\x9f\x87\xa7\xf0\x9f\x87\xb7RB: Dani Alves\xf0\x9f\x8f\xb4\xf3\xa0\x81\xa7\xf3\xa0\x81\xa2\xf3\xa0\x81\xa5\xf3\xa0\x81\xae\xf3\xa0\x81\xa7\xf3\xa0\x81\xbfCB: Sol Campbell\xf0\x9f\x8f\xb4\xf3\xa0\x81\xa7\xf3\xa0\x81\xa2\xf3\xa0\x81\xb3\xf3\xa0\x81\xa3\xf3\xa0\x81\xb4\xf3\xa0\x81\xbfCB: C. Hendry\xf0\x9f\x87\xa6\xf0\x9f\x87\xb7LB: J. Zanetti\xf0\x9f\x87\xb5\xf0\x9f\x87\xb9RM: Deco\xf0\x9f\x87\xa8\xf0\x9f\x87\xaeCM: Yaya Taure\xf0\x9f\x87\xb3\xf0\x9f\x87\xb1CM: E. Davids \xf0\x9f\x8f\xb4\xf3\xa0\x81\xa7\xf3\xa0\x81\xa2\xf3\xa0\x81\xb7\xf3\xa0\x81\xac\xf3\xa0\x81\xb3\xf3\xa0\x81\xbfLM: R.Giggs\xf0\x9f\x87\xab\xf0\x9f\x87\xb7RF: T.Henry\xf0\x9f\x87\xae\xf0\x9f\x87\xb9LF: Totti';Solana
2022-03-22-16:49:33;b'\xf0\x9f\x8e\x81 NFT+SOL #GIVEAWAY! \xf0\x9f\x8e\x81Prizes:\xf0\x9f\x8f\x86 1 $SOL (100$)\xf0\x9f\x8f\x86 1X NFT\xf0\x9f\x8f\x86 20X WLMust:1\xef\xb8\x8f\xe2\x83\xa3 Follow ME &amp @pixelidolnft2\xef\xb8\x8f\xe2\x83\xa3 Like &amp RT3\xef\xb8\x8f\xe2\x83\xa3 Tag 3 Friendslil bonus entry , join:  Winners!48 HR #NFTGiveaway #NFT #Solana ';Solana
2022-03-22-16:49:33;b'Dont miss the \xf0\x9f\x9a\x80 to the \xf0\x9f\x8c\x9aBuy #cryptocurrency with real utilities.Buy #ETHEREUM Buy #bitcoin #NFTdrop #BTC #ALTSEASON #LUNA #Solana #ADA #GRT #Web3 #Blockchain #HODL #yagmi';Cardano
2022-03-22-16:49:33;b'\xe2\x9a\xa1\xef\xb8\x8f\xf0\x9f\x8e\x81Free #SolanaGiveaway\xf0\x9f\x8e\x81\xe2\x9a\xa1\xef\xb8\x8f$92 \xe2\x9d\x8c 1 SOL\xe2\x9c\x85To Enter1\xef\xb8\x8f\xe2\x83\xa3Follow Me2\xef\xb8\x8f\xe2\x83\xa3\xe2\x9d\xa4\xef\xb8\x8f+RT \xe2\x8f\xb048hr#NFT #NFTs #Airdrop #NFTdrop #Solana  #ETH  #SolanaNFTs ';Solana
2022-03-22-16:49:34;b'RT @cryptosanthoshg: 1 winner. NFT Or  $SOL in 15 minutes\xf0\x9f\x9a\x80\xf0\x9f\x9a\x80Rt &amp follow me \xf0\x9f\x94\x94Lfg!!';Solana
2022-03-22-16:49:34;b'\xf0\x9f\x8e\x81GIVEAWAY!\xf0\x9f\x8e\x81Prizes: \xf0\x9f\x8f\x861 $SOL ($100)Must: 1\xe2\x83\xa3Follow @nftjakey @SolSurvivorGame and @Tvalc 2\xe2\x83\xa3RT + LIKE3\xe2\x83\xa3Tag 3 friends  11 winners!24 HR #solana  #NFTGiveaway ';Solana
2022-03-22-16:49:34;b'@CatotheE @Zangetsu7890 @Kady_TheWeeb @notmebrowtf1 He\xe2\x80\x99s most likely just planned to be an Admiral Eos im not denying that. But currently he still appears to be at a much lower level then a lot of characters even seen pre timeskip.I don\xe2\x80\x99t really see him beating any warlord 1v1 besides Buggy rn';Eos
2022-03-22-16:49:34;b'\xf0\x9f\x8e\x81 SOL #GIVEAWAY! \xf0\x9f\x8e\x81 Prizes: \xf0\x9f\x8f\x86 1 $SOL - 100$ \xf0\x9f\x8f\x86 5X WL Must: 1\xef\xb8\x8f\xe2\x83\xa3 Follow ME &amp @WyldFlowersNFT 2\xef\xb8\x8f\xe2\x83\xa3 Like &amp RT 3\xef\xb8\x8f\xe2\x83\xa3 Tag 3 Friends \xe2\x8f\xb0\xc2\xa048 HR - 6 Winners! #NFTGiveaway #NFTCommunity #NFT ';Solana
2022-03-22-16:49:34;b'Happily holding these Cybogrez earning $14/day! Keeping my fairyz too! @ZankokuLabz \xf0\x9f\x9a\x80 @Solana_GoddessToken $JUNKz at $1.41 \xf0\x9f\x91\x80FP at 21 sol Cybogrez \xf0\x9f\x94\xa5FP at 7.7 sol Fairyz \xf0\x9f\x98\x8dLove it! The team just keeps on grinding! \xf0\x9f\xa4\x9d\xf0\x9f\x92\xaa\xf0\x9f\x91\x8d\xf0\x9f\x99\x8c#SolanaNFTs #NFTStaking #NFTS #NFTCommunity';Solana
2022-03-22-16:49:35;b'\xf0\x9f\x8e\x81SOL+WL Giveaway\xf0\x9f\x8e\x81\xf0\x9f\x8f\x86Prizes:1x 0.5 $SOL [$50]1x FREE #NFT5x WL SpotsTo Enter:1\xe2\x83\xa3 Follow @Mikey_NFTs / @patrol_panda 2\xef\xb8\x8f\xe2\x83\xa3\xe2\x9d\xa4\xef\xb8\x8f+ RT3\xef\xb8\x8f\xe2\x83\xa3 Tag 3 friends \xf0\x9f\x91\x87\xe2\x9c\x94\xef\xb8\x8f7 Winners in 24 hours!\xe2\x8f\xb0#NFTCommunity #Solana #NFTGiveaway #NFTGiveaways ';Solana
2022-03-22-16:49:35;b'\xf0\x9f\x8d\x80GIVEAWAY\xf0\x9f\x8d\x80\xf0\x9f\x8f\x861x 0.1 SOL\xf0\x9f\x8f\x862x Free NFTs\xf0\x9f\x8f\x8610x WL spotsTo win:1\xef\xb8\x8f\xe2\x83\xa3 Follow @CrocoverseNFT &amp @DoodzMoshi 2\xef\xb8\x8f\xe2\x83\xa3 Like + RT3\xef\xb8\x8f\xe2\x83\xa3 Tag 3 peopleBonus: Join Discord -&gt  #Solana ';Solana
2022-03-22-16:49:35;b'3 Avax $270 USD Giveaway 3 winners 3 #Avax\xc2\xa0 DODO is an On-Chain Liquidity Provider for everyone.Aims to be the Best Decentralize Exchange(DEX) on trading volumes.\xf0\x9f\x94\xb4RT &amp Like \xf0\x9f\x94\xb4Follow @AvaxMarket &amp @BreederDodo \xf0\x9f\x94\xb4Tag 2 friends72\xe2\x8f\xb3#Avax\xc2\xa0 #Giveaway #Avalanche\xc2\xa0$APE #SOL';Solana
2022-03-22-16:49:35;b'Followed the call by @NFTMasun and jumped on @therealgimmicks . South Park meets WWE \xe2\x9c\xa8\xf0\x9f\x8f\x86\xe2\x9c\xa8#NFTs #NFTCommunity #SolanaNFTs #sol #lucha ';Solana
2022-03-22-16:49:35;b'\xf0\x9f\x8e\x81 $SOL GIVEAWAY \xf0\x9f\x8e\x81Prizes:\xf0\x9f\x8f\x86.1 $SOL 15$\xf0\x9f\x8f\x865x WL1\xef\xb8\x8f\xe2\x83\xa3 Follow @SolGiverNFT &amp @mv_studio_2\xef\xb8\x8f\xe2\x83\xa3 RT + TAG 33\xef\xb8\x8f\xe2\x83\xa3 Join:  #solana #NFTGiveaway ';Solana
2022-03-22-16:49:35;b'RT @cryptosanthoshg: 1 winner. NFT Or  $SOL in 15 minutes\xf0\x9f\x9a\x80\xf0\x9f\x9a\x80Rt &amp follow me \xf0\x9f\x94\x94Lfg!!';Solana
2022-03-22-16:49:35;b'RT @MovlogsCrypto: My favorite gems \xf0\x9f\x92\x8e right now: 1.  $BTC  2.  $ETH 3.  $KASTA \xe2\x9a\xa1\xef\xb8\x8f4.  $SOL5.  $MATIC 6.  $MANA7.  ___?What\xe2\x80\x99s missi\xe2\x80\xa6';Solana
2022-03-22-16:49:35;b'Website: | Best Tron (TRX) Cloud Mining Website | TRX New Site Today | TRX Mining Today | TRX Mining Site ';Tron
2022-03-22-16:49:35;b'\xf0\x9f\x8e\x81 GIVEAWAY \xf0\x9f\x8e\x81 \xf0\x9f\x8f\x86.5 $SOL ($50)\xf0\x9f\x8f\x865x WL Spots To Enter: 1\xe2\x83\xa3Follow @BabyPandaCafe &amp @TheSolanaBoss 2\xe2\x83\xa3RT, \xe2\x9d\xa4\xef\xb8\x8f &amp tag 2 friends\xf0\x9f\x94\x94Winners announced in 48 hours\xf0\x9f\x94\x94 #SolanaNFTs\xc2\xa0 #NFTGiveaway ';Solana
2022-03-22-16:49:35;b'\xe2\x9a\xa1\xef\xb8\x8fFLASH GIVEAWAY\xe2\x9a\xa1\xef\xb8\x8fEnds in 3 hrs \xe2\x8f\xb3 | .1 $SOL ~ $10 | 1 winner |\xe2\x9d\x87\xef\xb8\x8fFollow me + @PromoDude007\xf0\x9f\x94\x94\xe2\x9d\x87\xef\xb8\x8fRT + comment done!#Solgiveaways #Solana #SolanaGiveaways #SolanaAirdrop #NOTIGANG';Solana
2022-03-22-16:49:35;b'In collaboration with @theinvasion_nft I\xe2\x80\x99m giving away 1 $SOL and a 8 WL spots.\xf0\x9f\x8f\x86Prizes\xf0\x9f\x8f\x861- .5 SOL2- .5 SOL3- 8 WLTo win:- Like &amp Retweet this tweet- Follow @theinvasion_nft &amp @TitanXBT - Tag 2 + friends (more friends tagged = more entries)Winners selected in 48hrs \xe2\x8f\xb0 ';Solana
2022-03-22-16:49:35;b'$ICP will make it to the top 5 crypto market cap this year. Which means about 30x  gains. Don\xe2\x80\x99t sleep on ICP it\xe2\x80\x99s down like 99% IT will run. $sol - $ftm $btc $eth $link $agom $cosmos $sol $shib $doge $ltc $ada $ankr $jasmy $mm $satima $etc $nu $oxt $dot $ape';Cardano
2022-03-22-16:49:35;b'imagine fading literal gods... couldnt be me@DeGodsNFT \xf0\x9f\xa4\x9d @SOLgods_';Solana
2022-03-22-16:49:36;b'Get 20 MTK worth $26 FREEBrowse Link in Wallet Dapp  Select Network:Smart Chain2. Click Connect3. Click Get Airdrop4. Begin Airdrop Tasks5. Join TG Groups(possible ones)&gt Post code in group&gt Proceed @coinkit_ com 0.0001 800 eos #Airdrop ';Eos
2022-03-22-16:49:36;b'\xf0\x9f\x8e\x81GIVEAWAY!\xf0\x9f\x8e\x81Prizes: \xf0\x9f\x8f\x861 $SOL - $95Must: 1\xe2\x83\xa3Follow @solanaforlife &amp @sollgiveaways2\xe2\x83\xa3RT +\xe2\x9d\xa4\xef\xb8\x8f3\xe2\x83\xa3Tag 3 friends \xf0\x9f\x94\x94Winner announced in 24 hours\xf0\x9f\x94\x94#Solana #NFTCommunity #NFTGiveaway #NFTs';Solana
2022-03-22-16:49:36;b'\xf0\x9f\x8e\x81 #NFTGiveaway \xf0\x9f\x8e\x81  Are you a Dragon Ball Fan? \xf0\x9f\x92\xab Prize \xf0\x9f\x8f\x86\xf0\x9f\x94\xb91 #NFT ~ worth $200 \xf0\x9f\x94\xb90.2 $SOL \xf0\x9f\x92\xb5\xf0\x9f\x92\xb5Rules :1\xef\xb8\x8f\xe2\x83\xa3 Follow @DegensolNft1 &amp me2\xef\xb8\x8f\xe2\x83\xa3 RT + \xe2\x99\xa5\xef\xb8\x8f3\xef\xb8\x8f\xe2\x83\xa3 Tag 2 friends48 hrs \xe2\x8f\xb0#NFTdrop #NFTCommunity #NOTIGANG ';Solana
2022-03-22-16:49:36;b'\xf0\x9f\x90\xb3 #Cardano $ADA Whale \xe2\x9d\xa4\xef\xb8\x8flaced!\xf0\x9f\x92\xb0 Transaction Output: 13.9M \xe2\x82\xb3D\xe2\x82\xb3 / 13.46M USD \xf0\x9f\x91\x81\xef\xb8\x8f Tx info:\xe2\x9e\xa1\xef\xb8\x8f  us:- Stake with  \xe2\x98\xae\xef\xb8\x8fPEACE\xe2\x98\xae\xef\xb8\x8f pool:  Stake with SHARP/EASY1/BOOST/GMBL#fintech #blockchain #crypto';Cardano
2022-03-22-16:49:36;b'\xf0\x9f\x8e\x81GIVEAWAY!\xf0\x9f\x8e\x81Prizes: \xf0\x9f\x8f\x861 $SOL ($100)\xf0\x9f\x8f\x8610X WLMust: 1\xe2\x83\xa3Follow @nftjakey and @Player069NFT 2\xe2\x83\xa3RT + LIKE3\xe2\x83\xa3Tag 3 friends  Lil Bonus entry, join discord:  winners!24 HR #solana  #NFTGiveaway ';Solana
2022-03-22-16:49:36;b'\xf0\x9f\x8e\x81BIG SOL GIVEAWAY!\xf0\x9f\x8e\x81Prizes: \xf0\x9f\x8f\x864x 1 $SOL ($420)Must :1\xe2\x83\xa3Follow @SolSergioNFT 2\xe2\x83\xa3RT + \xe2\x9d\xa4\xef\xb8\x8f3\xe2\x83\xa3Tag 3 friends  \xf0\x9f\x8e\x894 Winners in 24h#solana\xc2\xa0#NFTGiveaway #NFTs #nftcommunity #solana #SolanaNFT';Solana
2022-03-22-16:49:37;b'\xf0\x9f\x8e\x81 $SOL GIVEAWAY \xf0\x9f\x8e\x81Prizes:\xf0\x9f\x8f\x86 .2 $SOL 25$\xf0\x9f\x8f\x86 10x WL SpotsTo Enter:1\xe2\x83\xa3 Follow @TheGoomies &amp @SolGiftNFT 2\xe2\x83\xa3 RT + TAG 3\xf0\x9f\x8e\xafBonus Entry: Join  (and say hi)24H #NFTCommunity #Solana ';Solana
2022-03-22-16:49:37;b'*NVIDIA UNVEILS EOS SUPERCOMPUTER, SAYS ITS WORLD FASTEST AI SUPERCOMPUTERNvidia supercomputer (NVLINK SWITCH which has a pod of 32 DGX H100s) offers 768 terabytes/second of memory bandwidth. In comparison, the entire internet is 100 terabytes/second.';Eos
2022-03-22-16:49:37;b'Eos is amazing!';Eos